lookback,exit_lookback,atr_stop_mult,0
10,3,1.0,-1.0
10,3,1.25,-1.0
10,3,1.5,-1.0
10,3,1.75,-1.0
10,3,2.0,-1.0
10,3,2.5,-1.0
10,4,1.0,-1.0
10,4,1.25,-1.0
10,4,1.5,-1.0
10,4,1.75,-1.0
10,4,2.0,-1.0
10,4,2.5,-1.0
10,5,1.0,-1.0
10,5,1.25,-1.0
10,5,1.5,-1.0
10,5,1.75,-1.0
10,5,2.0,-1.0
10,5,2.5,-1.0
10,6,1.0,-1.0
10,6,1.25,-1.0
10,6,1.5,-1.0
10,6,1.75,-1.0
10,6,2.0,-1.0
10,6,2.5,-1.0
10,7,1.0,-1.0
10,7,1.25,-1.0
10,7,1.5,-1.0
10,7,1.75,-1.0
10,7,2.0,-1.0
10,7,2.5,-1.0
10,8,1.0,-1.0
10,8,1.25,-1.0
10,8,1.5,-1.0
10,8,1.75,-1.0
10,8,2.0,-1.0
10,8,2.5,-1.0
10,9,1.0,-1.0
10,9,1.25,-1.0
10,9,1.5,-1.0
10,9,1.75,-1.0
10,9,2.0,-1.0
10,9,2.5,-1.0
12,3,1.0,-1.0
12,3,1.25,-1.0
12,3,1.5,-1.0
12,3,1.75,-1.0
12,3,2.0,-1.0
12,3,2.5,-1.0
12,4,1.0,-1.0
12,4,1.25,-1.0
12,4,1.5,-1.0
12,4,1.75,-1.0
12,4,2.0,-1.0
12,4,2.5,-1.0
12,5,1.0,-1.0
12,5,1.25,-1.0
12,5,1.5,-1.0
12,5,1.75,-1.0
12,5,2.0,-1.0
12,5,2.5,-1.0
12,6,1.0,-1.0
12,6,1.25,-1.0
12,6,1.5,-1.0
12,6,1.75,-1.0
12,6,2.0,-1.0
12,6,2.5,-1.0
12,7,1.0,-1.0
12,7,1.25,-1.0
12,7,1.5,-1.0
12,7,1.75,-1.0
12,7,2.0,-1.0
12,7,2.5,-1.0
12,8,1.0,-1.0
12,8,1.25,-1.0
12,8,1.5,-1.0
12,8,1.75,-1.0
12,8,2.0,-1.0
12,8,2.5,-1.0
12,9,1.0,-1.0
12,9,1.25,-1.0
12,9,1.5,-1.0
12,9,1.75,-1.0
12,9,2.0,-1.0
12,9,2.5,-1.0
12,10,1.0,-1.0
12,10,1.25,-1.0
12,10,1.5,-1.0
12,10,1.75,-1.0
12,10,2.0,-1.0
12,10,2.5,-1.0
12,11,1.0,-1.0
12,11,1.25,-1.0
12,11,1.5,-1.0
12,11,1.75,-1.0
12,11,2.0,-1.0
12,11,2.5,-1.0
14,3,1.0,-1.0
14,3,1.25,-1.0
14,3,1.5,-1.0
14,3,1.75,-1.0
14,3,2.0,-1.0
14,3,2.5,-1.0
14,4,1.0,-1.0
14,4,1.25,-1.0
14,4,1.5,-1.0
14,4,1.75,-1.0
14,4,2.0,-1.0
14,4,2.5,-1.0
14,5,1.0,-1.0
14,5,1.25,-1.0
14,5,1.5,-1.0
14,5,1.75,-1.0
14,5,2.0,-1.0
14,5,2.5,-1.0
14,6,1.0,-1.0
14,6,1.25,-1.0
14,6,1.5,-1.0
14,6,1.75,-1.0
14,6,2.0,-1.0
14,6,2.5,-1.0
14,7,1.0,-1.0
14,7,1.25,-1.0
14,7,1.5,-1.0
14,7,1.75,-1.0
14,7,2.0,-1.0
14,7,2.5,-1.0
14,8,1.0,-1.0
14,8,1.25,-1.0
14,8,1.5,-1.0
14,8,1.75,-1.0
14,8,2.0,-1.0
14,8,2.5,-1.0
14,9,1.0,-1.0
14,9,1.25,-1.0
14,9,1.5,-1.0
14,9,1.75,-1.0
14,9,2.0,-1.0
14,9,2.5,-1.0
14,10,1.0,-1.0
14,10,1.25,-1.0
14,10,1.5,-1.0
14,10,1.75,-1.0
14,10,2.0,-1.0
14,10,2.5,-1.0
14,11,1.0,-1.0
14,11,1.25,-1.0
14,11,1.5,-1.0
14,11,1.75,-1.0
14,11,2.0,-1.0
14,11,2.5,-1.0
14,12,1.0,-1.0
14,12,1.25,-1.0
14,12,1.5,-1.0
14,12,1.75,-1.0
14,12,2.0,-1.0
14,12,2.5,-1.0
14,13,1.0,-1.0
14,13,1.25,-1.0
14,13,1.5,-1.0
14,13,1.75,-1.0
14,13,2.0,-1.0
14,13,2.5,-1.0
16,3,1.0,-1.0
16,3,1.25,-1.0
16,3,1.5,-1.0
16,3,1.75,-1.0
16,3,2.0,-1.0
16,3,2.5,-1.0
16,4,1.0,-1.0
16,4,1.25,-1.0
16,4,1.5,-1.0
16,4,1.75,-1.0
16,4,2.0,-1.0
16,4,2.5,-1.0
16,5,1.0,-1.0
16,5,1.25,-1.0
16,5,1.5,-1.0
16,5,1.75,-1.0
16,5,2.0,-1.0
16,5,2.5,-1.0
16,6,1.0,-1.0
16,6,1.25,-1.0
16,6,1.5,-1.0
16,6,1.75,-1.0
16,6,2.0,-1.0
16,6,2.5,-1.0
16,7,1.0,-1.0
16,7,1.25,-1.0
16,7,1.5,-1.0
16,7,1.75,-1.0
16,7,2.0,-1.0
16,7,2.5,-1.0
16,8,1.0,-1.0
16,8,1.25,-1.0
16,8,1.5,-1.0
16,8,1.75,-1.0
16,8,2.0,-1.0
16,8,2.5,-1.0
16,9,1.0,-1.0
16,9,1.25,-1.0
16,9,1.5,-1.0
16,9,1.75,-1.0
16,9,2.0,-1.0
16,9,2.5,-1.0
16,10,1.0,-1.0
16,10,1.25,-1.0
16,10,1.5,-1.0
16,10,1.75,-1.0
16,10,2.0,-1.0
16,10,2.5,-1.0
16,11,1.0,-1.0
16,11,1.25,-1.0
16,11,1.5,-1.0
16,11,1.75,-1.0
16,11,2.0,-1.0
16,11,2.5,-1.0
16,12,1.0,-1.0
16,12,1.25,-1.0
16,12,1.5,-1.0
16,12,1.75,-1.0
16,12,2.0,-1.0
16,12,2.5,-1.0
16,13,1.0,-1.0
16,13,1.25,-1.0
16,13,1.5,-1.0
16,13,1.75,-1.0
16,13,2.0,-1.0
16,13,2.5,-1.0
16,14,1.0,-1.0
16,14,1.25,-1.0
16,14,1.5,-1.0
16,14,1.75,-1.0
16,14,2.0,-1.0
16,14,2.5,-1.0
16,15,1.0,-1.0
16,15,1.25,-1.0
16,15,1.5,-1.0
16,15,1.75,-1.0
16,15,2.0,-1.0
16,15,2.5,-1.0
18,3,1.0,-1.0
18,3,1.25,-1.0
18,3,1.5,-1.0
18,3,1.75,-1.0
18,3,2.0,-1.0
18,3,2.5,-1.0
18,4,1.0,-1.0
18,4,1.25,-1.0
18,4,1.5,-1.0
18,4,1.75,-1.0
18,4,2.0,-1.0
18,4,2.5,-1.0
18,5,1.0,-1.0
18,5,1.25,-1.0
18,5,1.5,-1.0
18,5,1.75,-1.0
18,5,2.0,-1.0
18,5,2.5,-1.0
18,6,1.0,-1.0
18,6,1.25,-1.0
18,6,1.5,-1.0
18,6,1.75,-1.0
18,6,2.0,-1.0
18,6,2.5,-1.0
18,7,1.0,-1.0
18,7,1.25,-1.0
18,7,1.5,-1.0
18,7,1.75,-1.0
18,7,2.0,-1.0
18,7,2.5,-1.0
18,8,1.0,-1.0
18,8,1.25,-1.0
18,8,1.5,-1.0
18,8,1.75,-1.0
18,8,2.0,-1.0
18,8,2.5,-1.0
18,9,1.0,-1.0
18,9,1.25,-1.0
18,9,1.5,-1.0
18,9,1.75,-1.0
18,9,2.0,-1.0
18,9,2.5,-1.0
18,10,1.0,-1.0
18,10,1.25,-1.0
18,10,1.5,-1.0
18,10,1.75,-1.0
18,10,2.0,-1.0
18,10,2.5,-1.0
18,11,1.0,-1.0
18,11,1.25,-1.0
18,11,1.5,-1.0
18,11,1.75,-1.0
18,11,2.0,-1.0
18,11,2.5,-1.0
18,12,1.0,-1.0
18,12,1.25,-1.0
18,12,1.5,-1.0
18,12,1.75,-1.0
18,12,2.0,-1.0
18,12,2.5,-1.0
18,13,1.0,-1.0
18,13,1.25,-1.0
18,13,1.5,-1.0
18,13,1.75,-1.0
18,13,2.0,-1.0
18,13,2.5,-1.0
18,14,1.0,-1.0
18,14,1.25,-1.0
18,14,1.5,-1.0
18,14,1.75,-1.0
18,14,2.0,-1.0
18,14,2.5,-1.0
18,15,1.0,-1.0
18,15,1.25,-1.0
18,15,1.5,-1.0
18,15,1.75,-1.0
18,15,2.0,-1.0
18,15,2.5,-1.0
18,16,1.0,-1.0
18,16,1.25,-1.0
18,16,1.5,-1.0
18,16,1.75,-1.0
18,16,2.0,-1.0
18,16,2.5,-1.0
18,17,1.0,-1.0
18,17,1.25,-1.0
18,17,1.5,-1.0
18,17,1.75,-1.0
18,17,2.0,-1.0
18,17,2.5,-1.0
20,3,1.0,-1.0
20,3,1.25,-1.0
20,3,1.5,-1.0
20,3,1.75,-1.0
20,3,2.0,-1.0
20,3,2.5,-1.0
20,4,1.0,-1.0
20,4,1.25,-1.0
20,4,1.5,-1.0
20,4,1.75,-1.0
20,4,2.0,-1.0
20,4,2.5,-1.0
20,5,1.0,-1.0
20,5,1.25,-1.0
20,5,1.5,-1.0
20,5,1.75,-1.0
20,5,2.0,-1.0
20,5,2.5,-1.0
20,6,1.0,-1.0
20,6,1.25,-1.0
20,6,1.5,-1.0
20,6,1.75,-1.0
20,6,2.0,-1.0
20,6,2.5,-1.0
20,7,1.0,-1.0
20,7,1.25,-1.0
20,7,1.5,-1.0
20,7,1.75,-1.0
20,7,2.0,-1.0
20,7,2.5,-1.0
20,8,1.0,-1.0
20,8,1.25,-1.0
20,8,1.5,-1.0
20,8,1.75,-1.0
20,8,2.0,-1.0
20,8,2.5,-1.0
20,9,1.0,-1.0
20,9,1.25,-1.0
20,9,1.5,-1.0
20,9,1.75,-1.0
20,9,2.0,-1.0
20,9,2.5,-1.0
20,10,1.0,-1.0
20,10,1.25,-1.0
20,10,1.5,-1.0
20,10,1.75,-1.0
20,10,2.0,-1.0
20,10,2.5,-1.0
20,11,1.0,-1.0
20,11,1.25,-1.0
20,11,1.5,-1.0
20,11,1.75,-1.0
20,11,2.0,-1.0
20,11,2.5,-1.0
20,12,1.0,-1.0
20,12,1.25,-1.0
20,12,1.5,-1.0
20,12,1.75,-1.0
20,12,2.0,-1.0
20,12,2.5,-1.0
20,13,1.0,-1.0
20,13,1.25,-1.0
20,13,1.5,-1.0
20,13,1.75,-1.0
20,13,2.0,-1.0
20,13,2.5,-1.0
20,14,1.0,-1.0
20,14,1.25,-1.0
20,14,1.5,-1.0
20,14,1.75,-1.0
20,14,2.0,-1.0
20,14,2.5,-1.0
20,15,1.0,-1.0
20,15,1.25,-1.0
20,15,1.5,-1.0
20,15,1.75,-1.0
20,15,2.0,-1.0
20,15,2.5,-1.0
20,16,1.0,-1.0
20,16,1.25,-1.0
20,16,1.5,-1.0
20,16,1.75,-1.0
20,16,2.0,-1.0
20,16,2.5,-1.0
20,17,1.0,-1.0
20,17,1.25,-1.0
20,17,1.5,-1.0
20,17,1.75,-1.0
20,17,2.0,-1.0
20,17,2.5,-1.0
20,18,1.0,-1.0
20,18,1.25,-1.0
20,18,1.5,-1.0
20,18,1.75,-1.0
20,18,2.0,-1.0
20,18,2.5,-1.0
20,19,1.0,-1.0
20,19,1.25,-1.0
20,19,1.5,-1.0
20,19,1.75,-1.0
20,19,2.0,-1.0
20,19,2.5,-1.0
22,3,1.0,-1.0
22,3,1.25,-1.0
22,3,1.5,-1.0
22,3,1.75,-1.0
22,3,2.0,-1.0
22,3,2.5,-1.0
22,4,1.0,-1.0
22,4,1.25,-1.0
22,4,1.5,-1.0
22,4,1.75,-1.0
22,4,2.0,-1.0
22,4,2.5,-1.0
22,5,1.0,-1.0
22,5,1.25,-1.0
22,5,1.5,-1.0
22,5,1.75,-1.0
22,5,2.0,-1.0
22,5,2.5,-1.0
22,6,1.0,-1.0
22,6,1.25,-1.0
22,6,1.5,-1.0
22,6,1.75,-1.0
22,6,2.0,-1.0
22,6,2.5,-1.0
22,7,1.0,-1.0
22,7,1.25,-1.0
22,7,1.5,-1.0
22,7,1.75,-1.0
22,7,2.0,-1.0
22,7,2.5,-1.0
22,8,1.0,-1.0
22,8,1.25,-1.0
22,8,1.5,-1.0
22,8,1.75,-1.0
22,8,2.0,-1.0
22,8,2.5,-1.0
22,9,1.0,-1.0
22,9,1.25,-1.0
22,9,1.5,-1.0
22,9,1.75,-1.0
22,9,2.0,-1.0
22,9,2.5,-1.0
22,10,1.0,-1.0
22,10,1.25,-1.0
22,10,1.5,-1.0
22,10,1.75,-1.0
22,10,2.0,-1.0
22,10,2.5,-1.0
22,11,1.0,-1.0
22,11,1.25,-1.0
22,11,1.5,-1.0
22,11,1.75,-1.0
22,11,2.0,-1.0
22,11,2.5,-1.0
22,12,1.0,-1.0
22,12,1.25,-1.0
22,12,1.5,-1.0
22,12,1.75,-1.0
22,12,2.0,-1.0
22,12,2.5,-1.0
22,13,1.0,-1.0
22,13,1.25,-1.0
22,13,1.5,-1.0
22,13,1.75,-1.0
22,13,2.0,-1.0
22,13,2.5,-1.0
22,14,1.0,-1.0
22,14,1.25,-1.0
22,14,1.5,-1.0
22,14,1.75,-1.0
22,14,2.0,-1.0
22,14,2.5,-1.0
22,15,1.0,-1.0
22,15,1.25,-1.0
22,15,1.5,-1.0
22,15,1.75,-1.0
22,15,2.0,-1.0
22,15,2.5,-1.0
22,16,1.0,-1.0
22,16,1.25,-1.0
22,16,1.5,-1.0
22,16,1.75,-1.0
22,16,2.0,-1.0
22,16,2.5,-1.0
22,17,1.0,-1.0
22,17,1.25,-1.0
22,17,1.5,-1.0
22,17,1.75,-1.0
22,17,2.0,-1.0
22,17,2.5,-1.0
22,18,1.0,-1.0
22,18,1.25,-1.0
22,18,1.5,-1.0
22,18,1.75,-1.0
22,18,2.0,-1.0
22,18,2.5,-1.0
22,19,1.0,-1.0
22,19,1.25,-1.0
22,19,1.5,-1.0
22,19,1.75,-1.0
22,19,2.0,-1.0
22,19,2.5,-1.0
24,3,1.0,-1.0
24,3,1.25,-1.0
24,3,1.5,-1.0
24,3,1.75,-1.0
24,3,2.0,-1.0
24,3,2.5,-1.0
24,4,1.0,-1.0
24,4,1.25,-1.0
24,4,1.5,-1.0
24,4,1.75,-1.0
24,4,2.0,-1.0
24,4,2.5,-1.0
24,5,1.0,-1.0
24,5,1.25,-1.0
24,5,1.5,-1.0
24,5,1.75,-1.0
24,5,2.0,-1.0
24,5,2.5,-1.0
24,6,1.0,-1.0
24,6,1.25,-1.0
24,6,1.5,-1.0
24,6,1.75,-1.0
24,6,2.0,-1.0
24,6,2.5,-1.0
24,7,1.0,-1.0
24,7,1.25,-1.0
24,7,1.5,-1.0
24,7,1.75,-1.0
24,7,2.0,-1.0
24,7,2.5,-1.0
24,8,1.0,-1.0
24,8,1.25,-1.0
24,8,1.5,-1.0
24,8,1.75,-1.0
24,8,2.0,-1.0
24,8,2.5,-1.0
24,9,1.0,-1.0
24,9,1.25,-1.0
24,9,1.5,-1.0
24,9,1.75,-1.0
24,9,2.0,-1.0
24,9,2.5,-1.0
24,10,1.0,-1.0
24,10,1.25,-1.0
24,10,1.5,-1.0
24,10,1.75,-1.0
24,10,2.0,-1.0
24,10,2.5,-1.0
24,11,1.0,-1.0
24,11,1.25,-1.0
24,11,1.5,-1.0
24,11,1.75,-1.0
24,11,2.0,-1.0
24,11,2.5,-1.0
24,12,1.0,-1.0
24,12,1.25,-1.0
24,12,1.5,-1.0
24,12,1.75,-1.0
24,12,2.0,-1.0
24,12,2.5,-1.0
24,13,1.0,-1.0
24,13,1.25,-1.0
24,13,1.5,-1.0
24,13,1.75,-1.0
24,13,2.0,-1.0
24,13,2.5,-1.0
24,14,1.0,-1.0
24,14,1.25,-1.0
24,14,1.5,-1.0
24,14,1.75,-1.0
24,14,2.0,-1.0
24,14,2.5,-1.0
24,15,1.0,-1.0
24,15,1.25,-1.0
24,15,1.5,-1.0
24,15,1.75,-1.0
24,15,2.0,-1.0
24,15,2.5,-1.0
24,16,1.0,-1.0
24,16,1.25,-1.0
24,16,1.5,-1.0
24,16,1.75,-1.0
24,16,2.0,-1.0
24,16,2.5,-1.0
24,17,1.0,-1.0
24,17,1.25,-1.0
24,17,1.5,-1.0
24,17,1.75,-1.0
24,17,2.0,-1.0
24,17,2.5,-1.0
24,18,1.0,-1.0
24,18,1.25,-1.0
24,18,1.5,-1.0
24,18,1.75,-1.0
24,18,2.0,-1.0
24,18,2.5,-1.0
24,19,1.0,-1.0
24,19,1.25,-1.0
24,19,1.5,-1.0
24,19,1.75,-1.0
24,19,2.0,-1.0
24,19,2.5,-1.0
26,3,1.0,-1.0
26,3,1.25,-1.0
26,3,1.5,-1.0
26,3,1.75,-1.0
26,3,2.0,-1.0
26,3,2.5,-1.0
26,4,1.0,-1.0
26,4,1.25,-1.0
26,4,1.5,-1.0
26,4,1.75,-1.0
26,4,2.0,-1.0
26,4,2.5,-1.0
26,5,1.0,-1.0
26,5,1.25,-1.0
26,5,1.5,-1.0
26,5,1.75,-1.0
26,5,2.0,-1.0
26,5,2.5,-1.0
26,6,1.0,-1.0
26,6,1.25,-1.0
26,6,1.5,-1.0
26,6,1.75,-1.0
26,6,2.0,-1.0
26,6,2.5,-1.0
26,7,1.0,-1.0
26,7,1.25,-1.0
26,7,1.5,-1.0
26,7,1.75,-1.0
26,7,2.0,-1.0
26,7,2.5,-1.0
26,8,1.0,-1.0
26,8,1.25,-1.0
26,8,1.5,-1.0
26,8,1.75,-1.0
26,8,2.0,-1.0
26,8,2.5,-1.0
26,9,1.0,-1.0
26,9,1.25,-1.0
26,9,1.5,-1.0
26,9,1.75,-1.0
26,9,2.0,-1.0
26,9,2.5,-1.0
26,10,1.0,-1.0
26,10,1.25,-1.0
26,10,1.5,-1.0
26,10,1.75,-1.0
26,10,2.0,-1.0
26,10,2.5,-1.0
26,11,1.0,-1.0
26,11,1.25,-1.0
26,11,1.5,-1.0
26,11,1.75,-1.0
26,11,2.0,-1.0
26,11,2.5,-1.0
26,12,1.0,-1.0
26,12,1.25,-1.0
26,12,1.5,-1.0
26,12,1.75,-1.0
26,12,2.0,-1.0
26,12,2.5,-1.0
26,13,1.0,-1.0
26,13,1.25,-1.0
26,13,1.5,-1.0
26,13,1.75,-1.0
26,13,2.0,-1.0
26,13,2.5,-1.0
26,14,1.0,-1.0
26,14,1.25,-1.0
26,14,1.5,-1.0
26,14,1.75,-1.0
26,14,2.0,-1.0
26,14,2.5,-1.0
26,15,1.0,-1.0
26,15,1.25,-1.0
26,15,1.5,-1.0
26,15,1.75,-1.0
26,15,2.0,-1.0
26,15,2.5,-1.0
26,16,1.0,-1.0
26,16,1.25,-1.0
26,16,1.5,-1.0
26,16,1.75,-1.0
26,16,2.0,-1.0
26,16,2.5,-1.0
26,17,1.0,-1.0
26,17,1.25,-1.0
26,17,1.5,-1.0
26,17,1.75,-1.0
26,17,2.0,-1.0
26,17,2.5,-1.0
26,18,1.0,-1.0
26,18,1.25,-1.0
26,18,1.5,-1.0
26,18,1.75,-1.0
26,18,2.0,-1.0
26,18,2.5,-1.0
26,19,1.0,-1.0
26,19,1.25,-1.0
26,19,1.5,-1.0
26,19,1.75,-1.0
26,19,2.0,-1.0
26,19,2.5,-1.0
28,3,1.0,-1.0
28,3,1.25,-1.0
28,3,1.5,-1.0
28,3,1.75,-1.0
28,3,2.0,-1.0
28,3,2.5,-1.0
28,4,1.0,-1.0
28,4,1.25,-1.0
28,4,1.5,-1.0
28,4,1.75,-1.0
28,4,2.0,-1.0
28,4,2.5,-1.0
28,5,1.0,-1.0
28,5,1.25,-1.0
28,5,1.5,-1.0
28,5,1.75,-1.0
28,5,2.0,-1.0
28,5,2.5,-1.0
28,6,1.0,-1.0
28,6,1.25,-1.0
28,6,1.5,-1.0
28,6,1.75,-1.0
28,6,2.0,-1.0
28,6,2.5,-1.0
28,7,1.0,-1.0
28,7,1.25,-1.0
28,7,1.5,-1.0
28,7,1.75,-1.0
28,7,2.0,-1.0
28,7,2.5,-1.0
28,8,1.0,-1.0
28,8,1.25,-1.0
28,8,1.5,-1.0
28,8,1.75,-1.0
28,8,2.0,-1.0
28,8,2.5,-1.0
28,9,1.0,-1.0
28,9,1.25,-1.0
28,9,1.5,-1.0
28,9,1.75,-1.0
28,9,2.0,-1.0
28,9,2.5,-1.0
28,10,1.0,-1.0
28,10,1.25,-1.0
28,10,1.5,-1.0
28,10,1.75,-1.0
28,10,2.0,-1.0
28,10,2.5,-1.0
28,11,1.0,-1.0
28,11,1.25,-1.0
28,11,1.5,-1.0
28,11,1.75,-1.0
28,11,2.0,-1.0
28,11,2.5,-1.0
28,12,1.0,-1.0
28,12,1.25,-1.0
28,12,1.5,-1.0
28,12,1.75,-1.0
28,12,2.0,-1.0
28,12,2.5,-1.0
28,13,1.0,-1.0
28,13,1.25,-1.0
28,13,1.5,-1.0
28,13,1.75,-1.0
28,13,2.0,-1.0
28,13,2.5,-1.0
28,14,1.0,-1.0
28,14,1.25,-1.0
28,14,1.5,-1.0
28,14,1.75,-1.0
28,14,2.0,-1.0
28,14,2.5,-1.0
28,15,1.0,-1.0
28,15,1.25,-1.0
28,15,1.5,-1.0
28,15,1.75,-1.0
28,15,2.0,-1.0
28,15,2.5,-1.0
28,16,1.0,-1.0
28,16,1.25,-1.0
28,16,1.5,-1.0
28,16,1.75,-1.0
28,16,2.0,-1.0
28,16,2.5,-1.0
28,17,1.0,-1.0
28,17,1.25,-1.0
28,17,1.5,-1.0
28,17,1.75,-1.0
28,17,2.0,-1.0
28,17,2.5,-1.0
28,18,1.0,-1.0
28,18,1.25,-1.0
28,18,1.5,-1.0
28,18,1.75,-1.0
28,18,2.0,-1.0
28,18,2.5,-1.0
28,19,1.0,-1.0
28,19,1.25,-1.0
28,19,1.5,-1.0
28,19,1.75,-1.0
28,19,2.0,-1.0
28,19,2.5,-1.0
30,3,1.0,-1.0
30,3,1.25,-1.0
30,3,1.5,-1.0
30,3,1.75,-1.0
30,3,2.0,-1.0
30,3,2.5,-1.0
30,4,1.0,-1.0
30,4,1.25,-1.0
30,4,1.5,-1.0
30,4,1.75,-1.0
30,4,2.0,-1.0
30,4,2.5,-1.0
30,5,1.0,-1.0
30,5,1.25,-1.0
30,5,1.5,-1.0
30,5,1.75,-1.0
30,5,2.0,-1.0
30,5,2.5,-1.0
30,6,1.0,-1.0
30,6,1.25,-1.0
30,6,1.5,-1.0
30,6,1.75,-1.0
30,6,2.0,-1.0
30,6,2.5,-1.0
30,7,1.0,-1.0
30,7,1.25,-1.0
30,7,1.5,-1.0
30,7,1.75,-1.0
30,7,2.0,-1.0
30,7,2.5,-1.0
30,8,1.0,-1.0
30,8,1.25,-1.0
30,8,1.5,-1.0
30,8,1.75,-1.0
30,8,2.0,-1.0
30,8,2.5,-1.0
30,9,1.0,-1.0
30,9,1.25,-1.0
30,9,1.5,-1.0
30,9,1.75,-1.0
30,9,2.0,-1.0
30,9,2.5,-1.0
30,10,1.0,-1.0
30,10,1.25,-1.0
30,10,1.5,-1.0
30,10,1.75,-1.0
30,10,2.0,-1.0
30,10,2.5,-1.0
30,11,1.0,-1.0
30,11,1.25,-1.0
30,11,1.5,-1.0
30,11,1.75,-1.0
30,11,2.0,-1.0
30,11,2.5,-1.0
30,12,1.0,-1.0
30,12,1.25,-1.0
30,12,1.5,-1.0
30,12,1.75,-1.0
30,12,2.0,-1.0
30,12,2.5,-1.0
30,13,1.0,-1.0
30,13,1.25,-1.0
30,13,1.5,-1.0
30,13,1.75,-1.0
30,13,2.0,-1.0
30,13,2.5,-1.0
30,14,1.0,-1.0
30,14,1.25,-1.0
30,14,1.5,-1.0
30,14,1.75,-1.0
30,14,2.0,-1.0
30,14,2.5,-1.0
30,15,1.0,-1.0
30,15,1.25,-1.0
30,15,1.5,-1.0
30,15,1.75,-1.0
30,15,2.0,-1.0
30,15,2.5,-1.0
30,16,1.0,-1.0
30,16,1.25,-1.0
30,16,1.5,-1.0
30,16,1.75,-1.0
30,16,2.0,-1.0
30,16,2.5,-1.0
30,17,1.0,-1.0
30,17,1.25,-1.0
30,17,1.5,-1.0
30,17,1.75,-1.0
30,17,2.0,-1.0
30,17,2.5,-1.0
30,18,1.0,-1.0
30,18,1.25,-1.0
30,18,1.5,-1.0
30,18,1.75,-1.0
30,18,2.0,-1.0
30,18,2.5,-1.0
30,19,1.0,-1.0
30,19,1.25,-1.0
30,19,1.5,-1.0
30,19,1.75,-1.0
30,19,2.0,-1.0
30,19,2.5,-1.0
32,3,1.0,-1.0
32,3,1.25,-1.0
32,3,1.5,-1.0
32,3,1.75,-1.0
32,3,2.0,-1.0
32,3,2.5,-1.0
32,4,1.0,-1.0
32,4,1.25,-1.0
32,4,1.5,-1.0
32,4,1.75,-1.0
32,4,2.0,-1.0
32,4,2.5,-1.0
32,5,1.0,-1.0
32,5,1.25,-1.0
32,5,1.5,-1.0
32,5,1.75,-1.0
32,5,2.0,-1.0
32,5,2.5,-1.0
32,6,1.0,-1.0
32,6,1.25,-1.0
32,6,1.5,-1.0
32,6,1.75,-1.0
32,6,2.0,-1.0
32,6,2.5,-1.0
32,7,1.0,-1.0
32,7,1.25,-1.0
32,7,1.5,-1.0
32,7,1.75,-1.0
32,7,2.0,-1.0
32,7,2.5,-1.0
32,8,1.0,-1.0
32,8,1.25,-1.0
32,8,1.5,-1.0
32,8,1.75,-1.0
32,8,2.0,-1.0
32,8,2.5,-1.0
32,9,1.0,-1.0
32,9,1.25,-1.0
32,9,1.5,-1.0
32,9,1.75,-1.0
32,9,2.0,-1.0
32,9,2.5,-1.0
32,10,1.0,-1.0
32,10,1.25,-1.0
32,10,1.5,-1.0
32,10,1.75,-1.0
32,10,2.0,-1.0
32,10,2.5,-1.0
32,11,1.0,-1.0
32,11,1.25,-1.0
32,11,1.5,-1.0
32,11,1.75,-1.0
32,11,2.0,-1.0
32,11,2.5,-1.0
32,12,1.0,-1.0
32,12,1.25,-1.0
32,12,1.5,-1.0
32,12,1.75,-1.0
32,12,2.0,-1.0
32,12,2.5,-1.0
32,13,1.0,-1.0
32,13,1.25,-1.0
32,13,1.5,-1.0
32,13,1.75,-1.0
32,13,2.0,-1.0
32,13,2.5,-1.0
32,14,1.0,-1.0
32,14,1.25,-1.0
32,14,1.5,-1.0
32,14,1.75,-1.0
32,14,2.0,-1.0
32,14,2.5,-1.0
32,15,1.0,-1.0
32,15,1.25,-1.0
32,15,1.5,-1.0
32,15,1.75,-1.0
32,15,2.0,-1.0
32,15,2.5,-1.0
32,16,1.0,-1.0
32,16,1.25,-1.0
32,16,1.5,-1.0
32,16,1.75,-1.0
32,16,2.0,-1.0
32,16,2.5,-1.0
32,17,1.0,-1.0
32,17,1.25,-1.0
32,17,1.5,-1.0
32,17,1.75,-1.0
32,17,2.0,-1.0
32,17,2.5,-1.0
32,18,1.0,-1.0
32,18,1.25,-1.0
32,18,1.5,-1.0
32,18,1.75,-1.0
32,18,2.0,-1.0
32,18,2.5,-1.0
32,19,1.0,-1.0
32,19,1.25,-1.0
32,19,1.5,-1.0
32,19,1.75,-1.0
32,19,2.0,-1.0
32,19,2.5,-1.0
34,3,1.0,-1.0
34,3,1.25,-1.0
34,3,1.5,-1.0
34,3,1.75,-1.0
34,3,2.0,-1.0
34,3,2.5,-1.0
34,4,1.0,-1.0
34,4,1.25,-1.0
34,4,1.5,-1.0
34,4,1.75,-1.0
34,4,2.0,-1.0
34,4,2.5,-1.0
34,5,1.0,-1.0
34,5,1.25,-1.0
34,5,1.5,-1.0
34,5,1.75,-1.0
34,5,2.0,-1.0
34,5,2.5,-1.0
34,6,1.0,-1.0
34,6,1.25,-1.0
34,6,1.5,-1.0
34,6,1.75,-1.0
34,6,2.0,-1.0
34,6,2.5,-1.0
34,7,1.0,-1.0
34,7,1.25,-1.0
34,7,1.5,-1.0
34,7,1.75,-1.0
34,7,2.0,-1.0
34,7,2.5,-1.0
34,8,1.0,-1.0
34,8,1.25,-1.0
34,8,1.5,-1.0
34,8,1.75,-1.0
34,8,2.0,-1.0
34,8,2.5,-1.0
34,9,1.0,-1.0
34,9,1.25,-1.0
34,9,1.5,-1.0
34,9,1.75,-1.0
34,9,2.0,-1.0
34,9,2.5,-1.0
34,10,1.0,-1.0
34,10,1.25,-1.0
34,10,1.5,-1.0
34,10,1.75,-1.0
34,10,2.0,-1.0
34,10,2.5,-1.0
34,11,1.0,-1.0
34,11,1.25,-1.0
34,11,1.5,-1.0
34,11,1.75,-1.0
34,11,2.0,-1.0
34,11,2.5,-1.0
34,12,1.0,-1.0
34,12,1.25,-1.0
34,12,1.5,-1.0
34,12,1.75,-1.0
34,12,2.0,-1.0
34,12,2.5,-1.0
34,13,1.0,-1.0
34,13,1.25,-1.0
34,13,1.5,-1.0
34,13,1.75,-1.0
34,13,2.0,-1.0
34,13,2.5,-1.0
34,14,1.0,-1.0
34,14,1.25,-1.0
34,14,1.5,-1.0
34,14,1.75,-1.0
34,14,2.0,-1.0
34,14,2.5,-1.0
34,15,1.0,-1.0
34,15,1.25,-1.0
34,15,1.5,-1.0
34,15,1.75,-1.0
34,15,2.0,-1.0
34,15,2.5,-1.0
34,16,1.0,-1.0
34,16,1.25,-1.0
34,16,1.5,-1.0
34,16,1.75,-1.0
34,16,2.0,-1.0
34,16,2.5,-1.0
34,17,1.0,-1.0
34,17,1.25,-1.0
34,17,1.5,-1.0
34,17,1.75,-1.0
34,17,2.0,-1.0
34,17,2.5,-1.0
34,18,1.0,-1.0
34,18,1.25,-1.0
34,18,1.5,-1.0
34,18,1.75,-1.0
34,18,2.0,-1.0
34,18,2.5,-1.0
34,19,1.0,-1.0
34,19,1.25,-1.0
34,19,1.5,-1.0
34,19,1.75,-1.0
34,19,2.0,-1.0
34,19,2.5,-1.0
36,3,1.0,-1.0
36,3,1.25,-1.0
36,3,1.5,-1.0
36,3,1.75,-1.0
36,3,2.0,-1.0
36,3,2.5,-1.0
36,4,1.0,-1.0
36,4,1.25,-1.0
36,4,1.5,-1.0
36,4,1.75,-1.0
36,4,2.0,-1.0
36,4,2.5,-1.0
36,5,1.0,-1.0
36,5,1.25,-1.0
36,5,1.5,-1.0
36,5,1.75,-1.0
36,5,2.0,-1.0
36,5,2.5,-1.0
36,6,1.0,-1.0
36,6,1.25,-1.0
36,6,1.5,-1.0
36,6,1.75,-1.0
36,6,2.0,-1.0
36,6,2.5,-1.0
36,7,1.0,-1.0
36,7,1.25,-1.0
36,7,1.5,-1.0
36,7,1.75,-1.0
36,7,2.0,-1.0
36,7,2.5,-1.0
36,8,1.0,-1.0
36,8,1.25,-1.0
36,8,1.5,-1.0
36,8,1.75,-1.0
36,8,2.0,-1.0
36,8,2.5,-1.0
36,9,1.0,-1.0
36,9,1.25,-1.0
36,9,1.5,-1.0
36,9,1.75,-1.0
36,9,2.0,-1.0
36,9,2.5,-1.0
36,10,1.0,-1.0
36,10,1.25,-1.0
36,10,1.5,-1.0
36,10,1.75,-1.0
36,10,2.0,-1.0
36,10,2.5,-1.0
36,11,1.0,-1.0
36,11,1.25,-1.0
36,11,1.5,-1.0
36,11,1.75,-1.0
36,11,2.0,-1.0
36,11,2.5,-1.0
36,12,1.0,-1.0
36,12,1.25,-1.0
36,12,1.5,-1.0
36,12,1.75,-1.0
36,12,2.0,-1.0
36,12,2.5,-1.0
36,13,1.0,-1.0
36,13,1.25,-1.0
36,13,1.5,-1.0
36,13,1.75,-1.0
36,13,2.0,-1.0
36,13,2.5,-1.0
36,14,1.0,-1.0
36,14,1.25,-1.0
36,14,1.5,-1.0
36,14,1.75,-1.0
36,14,2.0,-1.0
36,14,2.5,-1.0
36,15,1.0,-1.0
36,15,1.25,-1.0
36,15,1.5,-1.0
36,15,1.75,-1.0
36,15,2.0,-1.0
36,15,2.5,-1.0
36,16,1.0,-1.0
36,16,1.25,-1.0
36,16,1.5,-1.0
36,16,1.75,-1.0
36,16,2.0,-1.0
36,16,2.5,-1.0
36,17,1.0,-1.0
36,17,1.25,-1.0
36,17,1.5,-1.0
36,17,1.75,-1.0
36,17,2.0,-1.0
36,17,2.5,-1.0
36,18,1.0,-1.0
36,18,1.25,-1.0
36,18,1.5,-1.0
36,18,1.75,-1.0
36,18,2.0,-1.0
36,18,2.5,-1.0
36,19,1.0,-1.0
36,19,1.25,-1.0
36,19,1.5,-1.0
36,19,1.75,-1.0
36,19,2.0,-1.0
36,19,2.5,-1.0
38,3,1.0,-1.0
38,3,1.25,-1.0
38,3,1.5,-1.0
38,3,1.75,-1.0
38,3,2.0,-1.0
38,3,2.5,-1.0
38,4,1.0,-1.0
38,4,1.25,-1.0
38,4,1.5,-1.0
38,4,1.75,-1.0
38,4,2.0,-1.0
38,4,2.5,-1.0
38,5,1.0,-1.0
38,5,1.25,-1.0
38,5,1.5,-1.0
38,5,1.75,-1.0
38,5,2.0,-1.0
38,5,2.5,-1.0
38,6,1.0,-1.0
38,6,1.25,-1.0
38,6,1.5,-1.0
38,6,1.75,-1.0
38,6,2.0,-1.0
38,6,2.5,-1.0
38,7,1.0,-1.0
38,7,1.25,-1.0
38,7,1.5,-1.0
38,7,1.75,-1.0
38,7,2.0,-1.0
38,7,2.5,-1.0
38,8,1.0,-1.0
38,8,1.25,-1.0
38,8,1.5,-1.0
38,8,1.75,-1.0
38,8,2.0,-1.0
38,8,2.5,-1.0
38,9,1.0,-1.0
38,9,1.25,-1.0
38,9,1.5,-1.0
38,9,1.75,-1.0
38,9,2.0,-1.0
38,9,2.5,-1.0
38,10,1.0,-1.0
38,10,1.25,-1.0
38,10,1.5,-1.0
38,10,1.75,-1.0
38,10,2.0,-1.0
38,10,2.5,-1.0
38,11,1.0,-1.0
38,11,1.25,-1.0
38,11,1.5,-1.0
38,11,1.75,-1.0
38,11,2.0,-1.0
38,11,2.5,-1.0
38,12,1.0,-1.0
38,12,1.25,-1.0
38,12,1.5,-1.0
38,12,1.75,-1.0
38,12,2.0,-1.0
38,12,2.5,-1.0
38,13,1.0,-1.0
38,13,1.25,-1.0
38,13,1.5,-1.0
38,13,1.75,-1.0
38,13,2.0,-1.0
38,13,2.5,-1.0
38,14,1.0,-1.0
38,14,1.25,-1.0
38,14,1.5,-1.0
38,14,1.75,-1.0
38,14,2.0,-1.0
38,14,2.5,-1.0
38,15,1.0,-1.0
38,15,1.25,-1.0
38,15,1.5,-1.0
38,15,1.75,-1.0
38,15,2.0,-1.0
38,15,2.5,-1.0
38,16,1.0,-1.0
38,16,1.25,-1.0
38,16,1.5,-1.0
38,16,1.75,-1.0
38,16,2.0,-1.0
38,16,2.5,-1.0
38,17,1.0,-1.0
38,17,1.25,-1.0
38,17,1.5,-1.0
38,17,1.75,-1.0
38,17,2.0,-1.0
38,17,2.5,-1.0
38,18,1.0,-1.0
38,18,1.25,-1.0
38,18,1.5,-1.0
38,18,1.75,-1.0
38,18,2.0,-1.0
38,18,2.5,-1.0
38,19,1.0,-1.0
38,19,1.25,-1.0
38,19,1.5,-1.0
38,19,1.75,-1.0
38,19,2.0,-1.0
38,19,2.5,-1.0
40,3,1.0,-1.0
40,3,1.25,-1.0
40,3,1.5,-1.0
40,3,1.75,-1.0
40,3,2.0,-1.0
40,3,2.5,-1.0
40,4,1.0,-1.0
40,4,1.25,-1.0
40,4,1.5,-1.0
40,4,1.75,-1.0
40,4,2.0,-1.0
40,4,2.5,-1.0
40,5,1.0,-1.0
40,5,1.25,-1.0
40,5,1.5,-1.0
40,5,1.75,-1.0
40,5,2.0,-1.0
40,5,2.5,-1.0
40,6,1.0,-1.0
40,6,1.25,-1.0
40,6,1.5,-1.0
40,6,1.75,-1.0
40,6,2.0,-1.0
40,6,2.5,-1.0
40,7,1.0,-1.0
40,7,1.25,-1.0
40,7,1.5,-1.0
40,7,1.75,-1.0
40,7,2.0,-1.0
40,7,2.5,-1.0
40,8,1.0,-1.0
40,8,1.25,-1.0
40,8,1.5,-1.0
40,8,1.75,-1.0
40,8,2.0,-1.0
40,8,2.5,-1.0
40,9,1.0,-1.0
40,9,1.25,-1.0
40,9,1.5,-1.0
40,9,1.75,-1.0
40,9,2.0,-1.0
40,9,2.5,-1.0
40,10,1.0,-1.0
40,10,1.25,-1.0
40,10,1.5,-1.0
40,10,1.75,-1.0
40,10,2.0,-1.0
40,10,2.5,-1.0
40,11,1.0,-1.0
40,11,1.25,-1.0
40,11,1.5,-1.0
40,11,1.75,-1.0
40,11,2.0,-1.0
40,11,2.5,-1.0
40,12,1.0,-1.0
40,12,1.25,-1.0
40,12,1.5,-1.0
40,12,1.75,-1.0
40,12,2.0,-1.0
40,12,2.5,-1.0
40,13,1.0,-1.0
40,13,1.25,-1.0
40,13,1.5,-1.0
40,13,1.75,-1.0
40,13,2.0,-1.0
40,13,2.5,-1.0
40,14,1.0,-1.0
40,14,1.25,-1.0
40,14,1.5,-1.0
40,14,1.75,-1.0
40,14,2.0,-1.0
40,14,2.5,-1.0
40,15,1.0,-1.0
40,15,1.25,-1.0
40,15,1.5,-1.0
40,15,1.75,-1.0
40,15,2.0,-1.0
40,15,2.5,-1.0
40,16,1.0,-1.0
40,16,1.25,-1.0
40,16,1.5,-1.0
40,16,1.75,-1.0
40,16,2.0,-1.0
40,16,2.5,-1.0
40,17,1.0,-1.0
40,17,1.25,-1.0
40,17,1.5,-1.0
40,17,1.75,-1.0
40,17,2.0,-1.0
40,17,2.5,-1.0
40,18,1.0,-1.0
40,18,1.25,-1.0
40,18,1.5,-1.0
40,18,1.75,-1.0
40,18,2.0,-1.0
40,18,2.5,-1.0
40,19,1.0,-1.0
40,19,1.25,-1.0
40,19,1.5,-1.0
40,19,1.75,-1.0
40,19,2.0,-1.0
40,19,2.5,-1.0
42,3,1.0,-1.0
42,3,1.25,-1.0
42,3,1.5,-1.0
42,3,1.75,-1.0
42,3,2.0,-1.0
42,3,2.5,-1.0
42,4,1.0,-1.0
42,4,1.25,-1.0
42,4,1.5,-1.0
42,4,1.75,-1.0
42,4,2.0,-1.0
42,4,2.5,-1.0
42,5,1.0,-1.0
42,5,1.25,-1.0
42,5,1.5,-1.0
42,5,1.75,-1.0
42,5,2.0,-1.0
42,5,2.5,-1.0
42,6,1.0,-1.0
42,6,1.25,-1.0
42,6,1.5,-1.0
42,6,1.75,-1.0
42,6,2.0,-1.0
42,6,2.5,-1.0
42,7,1.0,-1.0
42,7,1.25,-1.0
42,7,1.5,-1.0
42,7,1.75,-1.0
42,7,2.0,-1.0
42,7,2.5,-1.0
42,8,1.0,-1.0
42,8,1.25,-1.0
42,8,1.5,-1.0
42,8,1.75,-1.0
42,8,2.0,-1.0
42,8,2.5,-1.0
42,9,1.0,-1.0
42,9,1.25,-1.0
42,9,1.5,-1.0
42,9,1.75,-1.0
42,9,2.0,-1.0
42,9,2.5,-1.0
42,10,1.0,-1.0
42,10,1.25,-1.0
42,10,1.5,-1.0
42,10,1.75,-1.0
42,10,2.0,-1.0
42,10,2.5,-1.0
42,11,1.0,-1.0
42,11,1.25,-1.0
42,11,1.5,-1.0
42,11,1.75,-1.0
42,11,2.0,-1.0
42,11,2.5,-1.0
42,12,1.0,-1.0
42,12,1.25,-1.0
42,12,1.5,-1.0
42,12,1.75,-1.0
42,12,2.0,-1.0
42,12,2.5,-1.0
42,13,1.0,-1.0
42,13,1.25,-1.0
42,13,1.5,-1.0
42,13,1.75,-1.0
42,13,2.0,-1.0
42,13,2.5,-1.0
42,14,1.0,-1.0
42,14,1.25,-1.0
42,14,1.5,-1.0
42,14,1.75,-1.0
42,14,2.0,-1.0
42,14,2.5,-1.0
42,15,1.0,-1.0
42,15,1.25,-1.0
42,15,1.5,-1.0
42,15,1.75,-1.0
42,15,2.0,-1.0
42,15,2.5,-1.0
42,16,1.0,-1.0
42,16,1.25,-1.0
42,16,1.5,-1.0
42,16,1.75,-1.0
42,16,2.0,-1.0
42,16,2.5,-1.0
42,17,1.0,-1.0
42,17,1.25,-1.0
42,17,1.5,-1.0
42,17,1.75,-1.0
42,17,2.0,-1.0
42,17,2.5,-1.0
42,18,1.0,-1.0
42,18,1.25,-1.0
42,18,1.5,-1.0
42,18,1.75,-1.0
42,18,2.0,-1.0
42,18,2.5,-1.0
42,19,1.0,-1.0
42,19,1.25,-1.0
42,19,1.5,-1.0
42,19,1.75,-1.0
42,19,2.0,-1.0
42,19,2.5,-1.0
44,3,1.0,-1.0
44,3,1.25,-1.0
44,3,1.5,-1.0
44,3,1.75,-1.0
44,3,2.0,-1.0
44,3,2.5,-1.0
44,4,1.0,-1.0
44,4,1.25,-1.0
44,4,1.5,-1.0
44,4,1.75,-1.0
44,4,2.0,-1.0
44,4,2.5,-1.0
44,5,1.0,-1.0
44,5,1.25,-1.0
44,5,1.5,-1.0
44,5,1.75,-1.0
44,5,2.0,-1.0
44,5,2.5,-1.0
44,6,1.0,-1.0
44,6,1.25,-1.0
44,6,1.5,-1.0
44,6,1.75,-1.0
44,6,2.0,-1.0
44,6,2.5,-1.0
44,7,1.0,-1.0
44,7,1.25,-1.0
44,7,1.5,-1.0
44,7,1.75,-1.0
44,7,2.0,-1.0
44,7,2.5,-1.0
44,8,1.0,-1.0
44,8,1.25,-1.0
44,8,1.5,-1.0
44,8,1.75,-1.0
44,8,2.0,-1.0
44,8,2.5,-1.0
44,9,1.0,-1.0
44,9,1.25,-1.0
44,9,1.5,-1.0
44,9,1.75,-1.0
44,9,2.0,-1.0
44,9,2.5,-1.0
44,10,1.0,-1.0
44,10,1.25,-1.0
44,10,1.5,-1.0
44,10,1.75,-1.0
44,10,2.0,-1.0
44,10,2.5,-1.0
44,11,1.0,-1.0
44,11,1.25,-1.0
44,11,1.5,-1.0
44,11,1.75,-1.0
44,11,2.0,-1.0
44,11,2.5,-1.0
44,12,1.0,-1.0
44,12,1.25,-1.0
44,12,1.5,-1.0
44,12,1.75,-1.0
44,12,2.0,-1.0
44,12,2.5,-1.0
44,13,1.0,-1.0
44,13,1.25,-1.0
44,13,1.5,-1.0
44,13,1.75,-1.0
44,13,2.0,-1.0
44,13,2.5,-1.0
44,14,1.0,-1.0
44,14,1.25,-1.0
44,14,1.5,-1.0
44,14,1.75,-1.0
44,14,2.0,-1.0
44,14,2.5,-1.0
44,15,1.0,-1.0
44,15,1.25,-1.0
44,15,1.5,-1.0
44,15,1.75,-1.0
44,15,2.0,-1.0
44,15,2.5,-1.0
44,16,1.0,-1.0
44,16,1.25,-1.0
44,16,1.5,-1.0
44,16,1.75,-1.0
44,16,2.0,-1.0
44,16,2.5,-1.0
44,17,1.0,-1.0
44,17,1.25,-1.0
44,17,1.5,-1.0
44,17,1.75,-1.0
44,17,2.0,-1.0
44,17,2.5,-1.0
44,18,1.0,-1.0
44,18,1.25,-1.0
44,18,1.5,-1.0
44,18,1.75,-1.0
44,18,2.0,-1.0
44,18,2.5,-1.0
44,19,1.0,-1.0
44,19,1.25,-1.0
44,19,1.5,-1.0
44,19,1.75,-1.0
44,19,2.0,-1.0
44,19,2.5,-1.0
46,3,1.0,-1.0
46,3,1.25,-1.0
46,3,1.5,-1.0
46,3,1.75,-1.0
46,3,2.0,-1.0
46,3,2.5,-1.0
46,4,1.0,-1.0
46,4,1.25,-1.0
46,4,1.5,-1.0
46,4,1.75,-1.0
46,4,2.0,-1.0
46,4,2.5,-1.0
46,5,1.0,-1.0
46,5,1.25,-1.0
46,5,1.5,-1.0
46,5,1.75,-1.0
46,5,2.0,-1.0
46,5,2.5,-1.0
46,6,1.0,-1.0
46,6,1.25,-1.0
46,6,1.5,-1.0
46,6,1.75,-1.0
46,6,2.0,-1.0
46,6,2.5,-1.0
46,7,1.0,-1.0
46,7,1.25,-1.0
46,7,1.5,-1.0
46,7,1.75,-1.0
46,7,2.0,-1.0
46,7,2.5,-1.0
46,8,1.0,-1.0
46,8,1.25,-1.0
46,8,1.5,-1.0
46,8,1.75,-1.0
46,8,2.0,-1.0
46,8,2.5,-1.0
46,9,1.0,-1.0
46,9,1.25,-1.0
46,9,1.5,-1.0
46,9,1.75,-1.0
46,9,2.0,-1.0
46,9,2.5,-1.0
46,10,1.0,-1.0
46,10,1.25,-1.0
46,10,1.5,-1.0
46,10,1.75,-1.0
46,10,2.0,-1.0
46,10,2.5,-1.0
46,11,1.0,-1.0
46,11,1.25,-1.0
46,11,1.5,-1.0
46,11,1.75,-1.0
46,11,2.0,-1.0
46,11,2.5,-1.0
46,12,1.0,-1.0
46,12,1.25,-1.0
46,12,1.5,-1.0
46,12,1.75,-1.0
46,12,2.0,-1.0
46,12,2.5,-1.0
46,13,1.0,-1.0
46,13,1.25,-1.0
46,13,1.5,-1.0
46,13,1.75,-1.0
46,13,2.0,-1.0
46,13,2.5,-1.0
46,14,1.0,-1.0
46,14,1.25,-1.0
46,14,1.5,-1.0
46,14,1.75,-1.0
46,14,2.0,-1.0
46,14,2.5,-1.0
46,15,1.0,-1.0
46,15,1.25,-1.0
46,15,1.5,-1.0
46,15,1.75,-1.0
46,15,2.0,-1.0
46,15,2.5,-1.0
46,16,1.0,-1.0
46,16,1.25,-1.0
46,16,1.5,-1.0
46,16,1.75,-1.0
46,16,2.0,-1.0
46,16,2.5,-1.0
46,17,1.0,-1.0
46,17,1.25,-1.0
46,17,1.5,-1.0
46,17,1.75,-1.0
46,17,2.0,-1.0
46,17,2.5,-1.0
46,18,1.0,-1.0
46,18,1.25,-1.0
46,18,1.5,-1.0
46,18,1.75,-1.0
46,18,2.0,-1.0
46,18,2.5,-1.0
46,19,1.0,-1.0
46,19,1.25,-1.0
46,19,1.5,-1.0
46,19,1.75,-1.0
46,19,2.0,-1.0
46,19,2.5,-1.0
48,3,1.0,-1.0
48,3,1.25,-1.0
48,3,1.5,-1.0
48,3,1.75,-1.0
48,3,2.0,-1.0
48,3,2.5,-1.0
48,4,1.0,-1.0
48,4,1.25,-1.0
48,4,1.5,-1.0
48,4,1.75,-1.0
48,4,2.0,-1.0
48,4,2.5,-1.0
48,5,1.0,-1.0
48,5,1.25,-1.0
48,5,1.5,-1.0
48,5,1.75,-1.0
48,5,2.0,-1.0
48,5,2.5,-1.0
48,6,1.0,-1.0
48,6,1.25,-1.0
48,6,1.5,-1.0
48,6,1.75,-1.0
48,6,2.0,-1.0
48,6,2.5,-1.0
48,7,1.0,-1.0
48,7,1.25,-1.0
48,7,1.5,-1.0
48,7,1.75,-1.0
48,7,2.0,-1.0
48,7,2.5,-1.0
48,8,1.0,-1.0
48,8,1.25,-1.0
48,8,1.5,-1.0
48,8,1.75,-1.0
48,8,2.0,-1.0
48,8,2.5,-1.0
48,9,1.0,-1.0
48,9,1.25,-1.0
48,9,1.5,-1.0
48,9,1.75,-1.0
48,9,2.0,-1.0
48,9,2.5,-1.0
48,10,1.0,-1.0
48,10,1.25,-1.0
48,10,1.5,-1.0
48,10,1.75,-1.0
48,10,2.0,-1.0
48,10,2.5,-1.0
48,11,1.0,-1.0
48,11,1.25,-1.0
48,11,1.5,-1.0
48,11,1.75,-1.0
48,11,2.0,-1.0
48,11,2.5,-1.0
48,12,1.0,-1.0
48,12,1.25,-1.0
48,12,1.5,-1.0
48,12,1.75,-1.0
48,12,2.0,-1.0
48,12,2.5,-1.0
48,13,1.0,-1.0
48,13,1.25,-1.0
48,13,1.5,-1.0
48,13,1.75,-1.0
48,13,2.0,-1.0
48,13,2.5,-1.0
48,14,1.0,-1.0
48,14,1.25,-1.0
48,14,1.5,-1.0
48,14,1.75,-1.0
48,14,2.0,-1.0
48,14,2.5,-1.0
48,15,1.0,-1.0
48,15,1.25,-1.0
48,15,1.5,-1.0
48,15,1.75,-1.0
48,15,2.0,-1.0
48,15,2.5,-1.0
48,16,1.0,-1.0
48,16,1.25,-1.0
48,16,1.5,-1.0
48,16,1.75,-1.0
48,16,2.0,-1.0
48,16,2.5,-1.0
48,17,1.0,-1.0
48,17,1.25,-1.0
48,17,1.5,-1.0
48,17,1.75,-1.0
48,17,2.0,-1.0
48,17,2.5,-1.0
48,18,1.0,-1.0
48,18,1.25,-1.0
48,18,1.5,-1.0
48,18,1.75,-1.0
48,18,2.0,-1.0
48,18,2.5,-1.0
48,19,1.0,-1.0
48,19,1.25,-1.0
48,19,1.5,-1.0
48,19,1.75,-1.0
48,19,2.0,-1.0
48,19,2.5,-1.0
50,3,1.0,-1.0
50,3,1.25,-1.0
50,3,1.5,-1.0
50,3,1.75,-1.0
50,3,2.0,-1.0
50,3,2.5,-1.0
50,4,1.0,-1.0
50,4,1.25,-1.0
50,4,1.5,-1.0
50,4,1.75,-1.0
50,4,2.0,-1.0
50,4,2.5,-1.0
50,5,1.0,-1.0
50,5,1.25,-1.0
50,5,1.5,-1.0
50,5,1.75,-1.0
50,5,2.0,-1.0
50,5,2.5,-1.0
50,6,1.0,-1.0
50,6,1.25,-1.0
50,6,1.5,-1.0
50,6,1.75,-1.0
50,6,2.0,-1.0
50,6,2.5,-1.0
50,7,1.0,-1.0
50,7,1.25,-1.0
50,7,1.5,-1.0
50,7,1.75,-1.0
50,7,2.0,-1.0
50,7,2.5,-1.0
50,8,1.0,-1.0
50,8,1.25,-1.0
50,8,1.5,-1.0
50,8,1.75,-1.0
50,8,2.0,-1.0
50,8,2.5,-1.0
50,9,1.0,-1.0
50,9,1.25,-1.0
50,9,1.5,-1.0
50,9,1.75,-1.0
50,9,2.0,-1.0
50,9,2.5,-1.0
50,10,1.0,-1.0
50,10,1.25,-1.0
50,10,1.5,-1.0
50,10,1.75,-1.0
50,10,2.0,-1.0
50,10,2.5,-1.0
50,11,1.0,-1.0
50,11,1.25,-1.0
50,11,1.5,-1.0
50,11,1.75,-1.0
50,11,2.0,-1.0
50,11,2.5,-1.0
50,12,1.0,-1.0
50,12,1.25,-1.0
50,12,1.5,-1.0
50,12,1.75,-1.0
50,12,2.0,-1.0
50,12,2.5,-1.0
50,13,1.0,-1.0
50,13,1.25,-1.0
50,13,1.5,-1.0
50,13,1.75,-1.0
50,13,2.0,-1.0
50,13,2.5,-1.0
50,14,1.0,-1.0
50,14,1.25,-1.0
50,14,1.5,-1.0
50,14,1.75,-1.0
50,14,2.0,-1.0
50,14,2.5,-1.0
50,15,1.0,-1.0
50,15,1.25,-1.0
50,15,1.5,-1.0
50,15,1.75,-1.0
50,15,2.0,-1.0
50,15,2.5,-1.0
50,16,1.0,-1.0
50,16,1.25,-1.0
50,16,1.5,-1.0
50,16,1.75,-1.0
50,16,2.0,-1.0
50,16,2.5,-1.0
50,17,1.0,-1.0
50,17,1.25,-1.0
50,17,1.5,-1.0
50,17,1.75,-1.0
50,17,2.0,-1.0
50,17,2.5,-1.0
50,18,1.0,-1.0
50,18,1.25,-1.0
50,18,1.5,-1.0
50,18,1.75,-1.0
50,18,2.0,-1.0
50,18,2.5,-1.0
50,19,1.0,-1.0
50,19,1.25,-1.0
50,19,1.5,-1.0
50,19,1.75,-1.0
50,19,2.0,-1.0
50,19,2.5,-1.0
52,3,1.0,-1.0
52,3,1.25,-1.0
52,3,1.5,-1.0
52,3,1.75,-1.0
52,3,2.0,-1.0
52,3,2.5,-1.0
52,4,1.0,-1.0
52,4,1.25,-1.0
52,4,1.5,-1.0
52,4,1.75,-1.0
52,4,2.0,-1.0
52,4,2.5,-1.0
52,5,1.0,-1.0
52,5,1.25,-1.0
52,5,1.5,-1.0
52,5,1.75,-1.0
52,5,2.0,-1.0
52,5,2.5,-1.0
52,6,1.0,-1.0
52,6,1.25,-1.0
52,6,1.5,-1.0
52,6,1.75,-1.0
52,6,2.0,-1.0
52,6,2.5,-1.0
52,7,1.0,-1.0
52,7,1.25,-1.0
52,7,1.5,-1.0
52,7,1.75,-1.0
52,7,2.0,-1.0
52,7,2.5,-1.0
52,8,1.0,-1.0
52,8,1.25,-1.0
52,8,1.5,-1.0
52,8,1.75,-1.0
52,8,2.0,-1.0
52,8,2.5,-1.0
52,9,1.0,-1.0
52,9,1.25,-1.0
52,9,1.5,-1.0
52,9,1.75,-1.0
52,9,2.0,-1.0
52,9,2.5,-1.0
52,10,1.0,-1.0
52,10,1.25,-1.0
52,10,1.5,-1.0
52,10,1.75,-1.0
52,10,2.0,-1.0
52,10,2.5,-1.0
52,11,1.0,-1.0
52,11,1.25,-1.0
52,11,1.5,-1.0
52,11,1.75,-1.0
52,11,2.0,-1.0
52,11,2.5,-1.0
52,12,1.0,-1.0
52,12,1.25,-1.0
52,12,1.5,-1.0
52,12,1.75,-1.0
52,12,2.0,-1.0
52,12,2.5,-1.0
52,13,1.0,-1.0
52,13,1.25,-1.0
52,13,1.5,-1.0
52,13,1.75,-1.0
52,13,2.0,-1.0
52,13,2.5,-1.0
52,14,1.0,-1.0
52,14,1.25,-1.0
52,14,1.5,-1.0
52,14,1.75,-1.0
52,14,2.0,-1.0
52,14,2.5,-1.0
52,15,1.0,-1.0
52,15,1.25,-1.0
52,15,1.5,-1.0
52,15,1.75,-1.0
52,15,2.0,-1.0
52,15,2.5,-1.0
52,16,1.0,-1.0
52,16,1.25,-1.0
52,16,1.5,-1.0
52,16,1.75,-1.0
52,16,2.0,-1.0
52,16,2.5,-1.0
52,17,1.0,-1.0
52,17,1.25,-1.0
52,17,1.5,-1.0
52,17,1.75,-1.0
52,17,2.0,-1.0
52,17,2.5,-1.0
52,18,1.0,-1.0
52,18,1.25,-1.0
52,18,1.5,-1.0
52,18,1.75,-1.0
52,18,2.0,-1.0
52,18,2.5,-1.0
52,19,1.0,-1.0
52,19,1.25,-1.0
52,19,1.5,-1.0
52,19,1.75,-1.0
52,19,2.0,-1.0
52,19,2.5,-1.0
54,3,1.0,-1.0
54,3,1.25,-1.0
54,3,1.5,-1.0
54,3,1.75,-1.0
54,3,2.0,-1.0
54,3,2.5,-1.0
54,4,1.0,-1.0
54,4,1.25,-1.0
54,4,1.5,-1.0
54,4,1.75,-1.0
54,4,2.0,-1.0
54,4,2.5,-1.0
54,5,1.0,-1.0
54,5,1.25,-1.0
54,5,1.5,-1.0
54,5,1.75,-1.0
54,5,2.0,-1.0
54,5,2.5,-1.0
54,6,1.0,-1.0
54,6,1.25,-1.0
54,6,1.5,-1.0
54,6,1.75,-1.0
54,6,2.0,-1.0
54,6,2.5,-1.0
54,7,1.0,-1.0
54,7,1.25,-1.0
54,7,1.5,-1.0
54,7,1.75,-1.0
54,7,2.0,-1.0
54,7,2.5,-1.0
54,8,1.0,-1.0
54,8,1.25,-1.0
54,8,1.5,-1.0
54,8,1.75,-1.0
54,8,2.0,-1.0
54,8,2.5,-1.0
54,9,1.0,-1.0
54,9,1.25,-1.0
54,9,1.5,-1.0
54,9,1.75,-1.0
54,9,2.0,-1.0
54,9,2.5,-1.0
54,10,1.0,-1.0
54,10,1.25,-1.0
54,10,1.5,-1.0
54,10,1.75,-1.0
54,10,2.0,-1.0
54,10,2.5,-1.0
54,11,1.0,-1.0
54,11,1.25,-1.0
54,11,1.5,-1.0
54,11,1.75,-1.0
54,11,2.0,-1.0
54,11,2.5,-1.0
54,12,1.0,-1.0
54,12,1.25,-1.0
54,12,1.5,-1.0
54,12,1.75,-1.0
54,12,2.0,-1.0
54,12,2.5,-1.0
54,13,1.0,-1.0
54,13,1.25,-1.0
54,13,1.5,-1.0
54,13,1.75,-1.0
54,13,2.0,-1.0
54,13,2.5,-1.0
54,14,1.0,-1.0
54,14,1.25,-1.0
54,14,1.5,-1.0
54,14,1.75,-1.0
54,14,2.0,-1.0
54,14,2.5,-1.0
54,15,1.0,-1.0
54,15,1.25,-1.0
54,15,1.5,-1.0
54,15,1.75,-1.0
54,15,2.0,-1.0
54,15,2.5,-1.0
54,16,1.0,-1.0
54,16,1.25,-1.0
54,16,1.5,-1.0
54,16,1.75,-1.0
54,16,2.0,-1.0
54,16,2.5,-1.0
54,17,1.0,-1.0
54,17,1.25,-1.0
54,17,1.5,-1.0
54,17,1.75,-1.0
54,17,2.0,-1.0
54,17,2.5,-1.0
54,18,1.0,-1.0
54,18,1.25,-1.0
54,18,1.5,-1.0
54,18,1.75,-1.0
54,18,2.0,-1.0
54,18,2.5,-1.0
54,19,1.0,-1.0
54,19,1.25,-1.0
54,19,1.5,-1.0
54,19,1.75,-1.0
54,19,2.0,-1.0
54,19,2.5,-1.0
56,3,1.0,-1.0
56,3,1.25,-1.0
56,3,1.5,-1.0
56,3,1.75,-1.0
56,3,2.0,-1.0
56,3,2.5,-1.0
56,4,1.0,-1.0
56,4,1.25,-1.0
56,4,1.5,-1.0
56,4,1.75,-1.0
56,4,2.0,-1.0
56,4,2.5,-1.0
56,5,1.0,-1.0
56,5,1.25,-1.0
56,5,1.5,-1.0
56,5,1.75,-1.0
56,5,2.0,-1.0
56,5,2.5,-1.0
56,6,1.0,-1.0
56,6,1.25,-1.0
56,6,1.5,-1.0
56,6,1.75,-1.0
56,6,2.0,-1.0
56,6,2.5,-1.0
56,7,1.0,-1.0
56,7,1.25,-1.0
56,7,1.5,-1.0
56,7,1.75,-1.0
56,7,2.0,-1.0
56,7,2.5,-1.0
56,8,1.0,-1.0
56,8,1.25,-1.0
56,8,1.5,-1.0
56,8,1.75,-1.0
56,8,2.0,-1.0
56,8,2.5,-1.0
56,9,1.0,-1.0
56,9,1.25,-1.0
56,9,1.5,-1.0
56,9,1.75,-1.0
56,9,2.0,-1.0
56,9,2.5,-1.0
56,10,1.0,-1.0
56,10,1.25,-1.0
56,10,1.5,-1.0
56,10,1.75,-1.0
56,10,2.0,-1.0
56,10,2.5,-1.0
56,11,1.0,-1.0
56,11,1.25,-1.0
56,11,1.5,-1.0
56,11,1.75,-1.0
56,11,2.0,-1.0
56,11,2.5,-1.0
56,12,1.0,-1.0
56,12,1.25,-1.0
56,12,1.5,-1.0
56,12,1.75,-1.0
56,12,2.0,-1.0
56,12,2.5,-1.0
56,13,1.0,-1.0
56,13,1.25,-1.0
56,13,1.5,-1.0
56,13,1.75,-1.0
56,13,2.0,-1.0
56,13,2.5,-1.0
56,14,1.0,-1.0
56,14,1.25,-1.0
56,14,1.5,-1.0
56,14,1.75,-1.0
56,14,2.0,-1.0
56,14,2.5,-1.0
56,15,1.0,-1.0
56,15,1.25,-1.0
56,15,1.5,-1.0
56,15,1.75,-1.0
56,15,2.0,-1.0
56,15,2.5,-1.0
56,16,1.0,-1.0
56,16,1.25,-1.0
56,16,1.5,-1.0
56,16,1.75,-1.0
56,16,2.0,-1.0
56,16,2.5,-1.0
56,17,1.0,-1.0
56,17,1.25,-1.0
56,17,1.5,-1.0
56,17,1.75,-1.0
56,17,2.0,-1.0
56,17,2.5,-1.0
56,18,1.0,-1.0
56,18,1.25,-1.0
56,18,1.5,-1.0
56,18,1.75,-1.0
56,18,2.0,-1.0
56,18,2.5,-1.0
56,19,1.0,-1.0
56,19,1.25,-1.0
56,19,1.5,-1.0
56,19,1.75,-1.0
56,19,2.0,-1.0
56,19,2.5,-1.0
58,3,1.0,-1.0
58,3,1.25,-1.0
58,3,1.5,-1.0
58,3,1.75,-1.0
58,3,2.0,-1.0
58,3,2.5,-1.0
58,4,1.0,-1.0
58,4,1.25,-1.0
58,4,1.5,-1.0
58,4,1.75,-1.0
58,4,2.0,-1.0
58,4,2.5,-1.0
58,5,1.0,-1.0
58,5,1.25,-1.0
58,5,1.5,-1.0
58,5,1.75,-1.0
58,5,2.0,-1.0
58,5,2.5,-1.0
58,6,1.0,-1.0
58,6,1.25,-1.0
58,6,1.5,-1.0
58,6,1.75,-1.0
58,6,2.0,-1.0
58,6,2.5,-1.0
58,7,1.0,-1.0
58,7,1.25,-1.0
58,7,1.5,-1.0
58,7,1.75,-1.0
58,7,2.0,-1.0
58,7,2.5,-1.0
58,8,1.0,-1.0
58,8,1.25,-1.0
58,8,1.5,-1.0
58,8,1.75,-1.0
58,8,2.0,-1.0
58,8,2.5,-1.0
58,9,1.0,-1.0
58,9,1.25,-1.0
58,9,1.5,-1.0
58,9,1.75,-1.0
58,9,2.0,-1.0
58,9,2.5,-1.0
58,10,1.0,-1.0
58,10,1.25,-1.0
58,10,1.5,-1.0
58,10,1.75,-1.0
58,10,2.0,-1.0
58,10,2.5,-1.0
58,11,1.0,-1.0
58,11,1.25,-1.0
58,11,1.5,-1.0
58,11,1.75,-1.0
58,11,2.0,-1.0
58,11,2.5,-1.0
58,12,1.0,-1.0
58,12,1.25,-1.0
58,12,1.5,-1.0
58,12,1.75,-1.0
58,12,2.0,-1.0
58,12,2.5,-1.0
58,13,1.0,-1.0
58,13,1.25,-1.0
58,13,1.5,-1.0
58,13,1.75,-1.0
58,13,2.0,-1.0
58,13,2.5,-1.0
58,14,1.0,-1.0
58,14,1.25,-1.0
58,14,1.5,-1.0
58,14,1.75,-1.0
58,14,2.0,-1.0
58,14,2.5,-1.0
58,15,1.0,-1.0
58,15,1.25,-1.0
58,15,1.5,-1.0
58,15,1.75,-1.0
58,15,2.0,-1.0
58,15,2.5,-1.0
58,16,1.0,-1.0
58,16,1.25,-1.0
58,16,1.5,-1.0
58,16,1.75,-1.0
58,16,2.0,-1.0
58,16,2.5,-1.0
58,17,1.0,-1.0
58,17,1.25,-1.0
58,17,1.5,-1.0
58,17,1.75,-1.0
58,17,2.0,-1.0
58,17,2.5,-1.0
58,18,1.0,-1.0
58,18,1.25,-1.0
58,18,1.5,-1.0
58,18,1.75,-1.0
58,18,2.0,-1.0
58,18,2.5,-1.0
58,19,1.0,-1.0
58,19,1.25,-1.0
58,19,1.5,-1.0
58,19,1.75,-1.0
58,19,2.0,-1.0
58,19,2.5,-1.0
